Organization/Person Name,Organization/Person Name URL,Location,Number of Exits,Description,Investor Type,Investment Stage,Industries,Number of Investments
Wavemaker Partners,https://www.crunchbase.com/organization/wavemaker-partners,"Singapore, Central Region, Singapore",45,Wavemaker is a crossborder early-stage VC firm that focuses on early-stage tech startup opportunities.,Micro VC,"Early Stage Venture, Seed","AgTech, Business Intelligence, Cyber Security, E-Commerce, Enterprise Software, FinTech, Marketing Automation, Mobile, Robotics",429
Antler,https://www.crunchbase.com/organization/antler-be9c,"Singapore, Central Region, Singapore",,Antler is a global early-stage venture capital firm that builds and invests in the defining technology companies of tomorrow.,"Accelerator, Venture Capital","Early Stage Venture, Seed, Venture","Finance, Financial Services, Venture Capital",183
BEENEXT,https://www.crunchbase.com/organization/bee-next,"Singapore, Central Region, Singapore",7,"BEENEXT is a venture capital firm investing in startups from India, Southeast Asia, Japan, and USA.",Venture Capital,"Early Stage Venture, Seed","Internet, Venture Capital",176
JAFCO Asia,https://www.crunchbase.com/organization/jafco-asia,"Singapore, Central Region, Singapore",46,"Since its establishment in 1990, JAFCO Asia has grown to become a leading brand in the venture capital industry in the Asia Pacific region.",Venture Capital,"Early Stage Venture, Late Stage Venture, Seed","Finance, Financial Services, Venture Capital",144
EDBI,https://www.crunchbase.com/organization/edbi,"Singapore, Central Region, Singapore",28,EDBI is a Singapore-based global fund with investments in the knowledge and innovation-intensive sectors. ,Venture Capital,"Early Stage Venture, Late Stage Venture","Financial Services, FinTech, Information and Communications Technology (ICT), Venture Capital",116
Singtel Innov8,https://www.crunchbase.com/organization/singtel-innov8,"Singapore, Central Region, Singapore",32,"Singtel Innov8, the venture capital arm of the Singtel Group, invests in and partners with innovative tech start-ups worldwide.",Corporate Venture Capital,,"Finance, Financial Services, Venture Capital",112
HATCHER+,https://www.crunchbase.com/organization/hatcher,"Singapore, Central Region, Singapore",3,Hatcher+ is a data-driven venture investment platform.,"Micro VC, Venture Capital","Early Stage Venture, Seed","Artificial Intelligence, Big Data, FinTech, Incubators, Machine Learning, Venture Capital",104
Golden Gate,https://www.crunchbase.com/organization/golden-gate-ventures,"Singapore, Central Region, Singapore",7,"Golden Gate seeks to invest in business processes and services, mobile, and Software-as-a-Service.",Venture Capital,"Early Stage Venture, Seed","Angel Investment, Finance, Financial Services, Impact Investing, Venture Capital",91
Singapore Angel Network,https://www.crunchbase.com/organization/singapore-angel-network,"Singapore, Central Region, Singapore",9,Singapore Angel Network is a venture capital firm specialized in early-stage investments,Venture Capital,Early Stage Venture,,80
Jungle Ventures,https://www.crunchbase.com/organization/jungle-ventures,"Singapore, Central Region, Singapore",11,Jungle Ventures is a Singapore based Venture Capital Firm that invests in and helps build tech category leaders from Asia.,Venture Capital,Early Stage Venture,"E-Commerce, FinTech, Marketplace, Media and Entertainment, SaaS, Software, Venture Capital",78
DSG Consumer Partners,https://www.crunchbase.com/organization/dsg-consumer-partners,"Singapore, Central Region, Singapore",2,"DSG Consumer Partners is an investment company focusing on identifying, investing in, and growing consumer businesses in India & SE Asia.",Venture Capital,Early Stage Venture,"Consumer, Consumer Goods, Financial Services, Venture Capital",73
Spiral Ventures,https://www.crunchbase.com/organization/imj-fenox-pte-ltd,"Singapore, Central Region, Singapore",3,Spiral Ventures is a venture capital firm that provides its services for the Southeast Asia and Japan market.,Venture Capital,"Early Stage Venture, Seed",Finance,73
SGInnovate,https://www.crunchbase.com/organization/sginnovate,"Singapore, Central Region, Singapore",1,SGInnovate helps entrepreneurial scientists build Deep Tech startups.,Venture Capital,"Early Stage Venture, Seed, Venture","Artificial Intelligence, Government, Venture Capital",68
Vertex Ventures Southeast Asia & India,https://www.crunchbase.com/organization/vertex-ventures-southeast-asia-india,"Singapore, Central Region, Singapore",6,Vertex Ventures Southeast Asia & India invests in high-growth start-ups in Southeast Asia and India.,Venture Capital,Early Stage Venture,"Finance, FinTech",60
Insignia Ventures Partners,https://www.crunchbase.com/organization/insignia-ventures-partners,"Singapore, Central Region, Singapore",,Insignia Ventures Partners is a venture capital firm that specializes in startup investment.,Venture Capital,"Early Stage Venture, Seed","Financial Services, Impact Investing, Venture Capital",59
Quest Ventures,https://www.crunchbase.com/organization/questventures,"Singapore, Central Region, Singapore",2,Quest Ventures is a venture fund for technology companies that have scalability and replicability in large internet communities.,Micro VC,"Early Stage Venture, Seed","Angel Investment, Business Development, Venture Capital",57
Openspace Ventures,https://www.crunchbase.com/organization/openspace-ventures,"Singapore, Central Region, Singapore",4,Openspace Ventures makes investments in early-stage technology companies based in Southeast Asia.,Venture Capital,Early Stage Venture,Venture Capital,55
RB Investments Pte. Ltd.,https://www.crunchbase.com/organization/rb-investments,"Singapore, Central Region, Singapore",3,"RB Investments is a Singapore Bases Venture Capital firm, that invests in people with visionary ideas.",Venture Capital,Early Stage Venture,"Financial Services, Information Technology, Venture Capital",51
Arbor Ventures,https://www.crunchbase.com/organization/arbor-ventures,"Singapore, Central Region, Singapore",1,Arbor Ventures is a visionary VC focused on shaping the way the world transacts by investing in early stage companies.,Venture Capital,"Early Stage Venture, Seed","Big Data, E-Commerce, Finance, Financial Services, FinTech, Venture Capital",48
Vickers Venture Partners,https://www.crunchbase.com/organization/vickers-capital-group,"Singapore, Central Region, Singapore",1,Vickers Venture Partners is a venture capital firm focused on angel investments in Asia and beyond.,Venture Capital,Early Stage Venture,Venture Capital,46
Seeds Capital,https://www.crunchbase.com/organization/seeds-capital,"Singapore, Central Region, Singapore",,Seeds Capital is an investment Firm.,Venture Capital,"Early Stage Venture, Seed",,41
SBI Ven Capital,https://www.crunchbase.com/organization/sbi-ven-capital,"Singapore, Central Region, Singapore",6,SBI Ven Capital is a private equity firm that invests in financial services and technology sectors across Asia.,"Private Equity Firm, Venture Capital","Early Stage Venture, Private Equity",,37
Enspire Capital,https://www.crunchbase.com/organization/enspire-capital,"Singapore, Central Region, Singapore",11,"A Singapore family office fund focusing on Greater China and U.S. early-stage, direct and fund investments in TMT, Internet and Mobile",Venture Capital,"Early Stage Venture, Late Stage Venture, Seed","Finance, FinTech, Venture Capital",37
North Base Media,https://www.crunchbase.com/organization/north-base-media,"Singapore, Central Region, Singapore",,An investment firm focused on journalistic enterprise and digital-driven opportunities in emerging markets.,"Micro VC, Venture Capital","Early Stage Venture, Seed","Digital Media, Journalism, Media and Entertainment",36
DTRIBE Capital,https://www.crunchbase.com/organization/d-tribe-capital,"Singapore, Central Region, Singapore",3,"Singapore-based, Asia-focused venture capital firm nurturing the next generation of founders building the future through technology.",Venture Capital,"Early Stage Venture, Seed, Venture",Financial Services,35
Ruvento,https://www.crunchbase.com/organization/ruvento,"Singapore, Central Region, Singapore",2,"Ruvento Ventures is a seed capital firm that funds the best teams in IoT, robotics, and emerging technologies across USA and Asia","Micro VC, Venture Capital",Seed,"Angel Investment, Artificial Intelligence, Hardware, Impact Investing, Robotics, Venture Capital",35
UOB Venture,https://www.crunchbase.com/organization/uob-venture,"Singapore, Central Region, Singapore",9,"UOB Venture, an investment firm, finances privately-held companies through direct equity investment, mainly in Southeast Asia and China.",Venture Capital,"Early Stage Venture, Late Stage Venture","Banking, Financial Services, Venture Capital",34
Monk’s Hill Ventures,https://www.crunchbase.com/organization/monk-s-hill-ventures,"Singapore, Central Region, Singapore",,Venture capital firm investing in early-stage technology startups in Southeast Asia,Venture Capital,Early Stage Venture,"Finance, Financial Services, Venture Capital",33
K3 Ventures,https://www.crunchbase.com/organization/k3-ventures,"Singapore, Central Region, Singapore",3,K3 Ventures is a Singapore-based venture capital firm.,"Micro VC, Private Equity Firm, Venture Capital","Convertible Note, Early Stage Venture, Late Stage Venture, Seed","Finance, Venture Capital",33
iGlobe Partners,https://www.crunchbase.com/organization/iglobe-partners,"Singapore, Central Region, Singapore",7,iGlobe Partners is a leading Asia-Pacific cross-border Venture Capital firm with deep expertise in tech and bio.,Venture Capital,"Early Stage Venture, Late Stage Venture",Venture Capital,33
Qualgro VC,https://www.crunchbase.com/organization/qualgro,"Singapore, Central Region, Singapore",1,"Qualgro Venture Capital invests in B2B technology startups in Southeast Asia, Australia and New Zealand, at Series A and Series B.",Venture Capital,Early Stage Venture,"Financial Services, SaaS, Venture Capital",30
KK Fund,https://www.crunchbase.com/organization/kk-fund-2,"Singapore, Central Region, Singapore",,"KK Fund is a venture capital fund investing in seed stage internet and mobile startups across South East Asia, Hong Kong and Taiwan.","Micro VC, Venture Capital",Seed,"Finance, Financial Services, Venture Capital",28
Infocomm Investments,https://www.crunchbase.com/organization/infocomm-investments,"Singapore, Central Region, Singapore",10,Infocomm Investments aims to enhance the technology depth and diversity of Singapore's tech building community.,Venture Capital,"Early Stage Venture, Late Stage Venture","Analytics, Big Data, E-Commerce, FinTech, Incubators, Venture Capital",27
Patamar Capital,https://www.crunchbase.com/organization/patamar-capital,"Singapore, Central Region, Singapore",,"Patamar Capital is a venture capital firm investing in early stage businesses serving the ""mass market"" in South and Southeast Asia.",Venture Capital,,Venture Capital,26
SeedPlus,https://www.crunchbase.com/organization/seedplus,"Singapore, Central Region, Singapore",1,SeedPlus is an early stage Singaporean fund with a hands on approach to working with its portfolio companies.,Micro VC,Seed,"Business Development, Financial Services, Venture Capital",25
EV Growth,https://www.crunchbase.com/organization/ev-growth,"Singapore, Central Region, Singapore",2,EV Growth is a growth fund located in south-east Asia.,Venture Capital,"Late Stage Venture, Venture",,25
January Capital,https://www.crunchbase.com/organization/january-capital,"Singapore, Central Region, Singapore",1,January Capital invest in second-order businesses that are powering growth in the Asia-Pacific region.,Venture Capital,"Early Stage Venture, Late Stage Venture, Seed",,24
NGC Ventures,https://www.crunchbase.com/organization/ngc-ventures,"Singapore, Central Region, Singapore",,NGC Ventures is an investment firm.,Micro VC,,,23
PRYTEK,https://www.crunchbase.com/organization/prytek,"Singapore, Central Region, Singapore",2,Technology Distributor & Investment Company,Micro VC,"Early Stage Venture, Late Stage Venture","Artificial Intelligence, Cyber Security, EdTech, FinTech, Human Resources, Media and Entertainment",23
Eudaimonia Capital,https://www.crunchbase.com/organization/eudaimonia-capital,"Singapore, Central Region, Singapore",1,Eudaimonia Capital is an angel investments company that offers investments to early stage companies.,"Angel Group, Family Investment Office","Early Stage Venture, Seed",Angel Investment,22
LongHash Ventures,https://www.crunchbase.com/organization/longhash,"Singapore, Central Region, Singapore",1,LongHash Ventures is a global blockchain accelerator and VC fund.,"Accelerator, Venture Capital","Early Stage Venture, Seed","Blockchain, Financial Services, Information Technology, Internet",21
Decacorn Capital,https://www.crunchbase.com/organization/decacorn-capital,"Singapore, Central Region, Singapore",,Decacorn Capital is a Singapore domiciled cross-border technology venture funding initiative.,Venture Capital,Early Stage Venture,,21
Sistema Asia Capital,https://www.crunchbase.com/organization/sistema-asia-fund-2,"Singapore, Central Region, Singapore",2,Sistema Asia Capital is a proprietary venture capital fund of Russian conglomerate Sistema JSFC (www.sistema.com).,Venture Capital,"Early Stage Venture, Late Stage Venture",Venture Capital,21
Spring SEEDS Capital,https://www.crunchbase.com/organization/spring-seeds-capital,"Singapore, Central Region, Singapore",,"Spring SEEDS Capital provides capital for start-ups in Singapore involved in developing new products, processes and applications.",Venture Capital,Early Stage Venture,,21
Life.SREDA,https://www.crunchbase.com/organization/life-sreda,"Singapore, Central Region, Singapore",3,Life.SREDA is a Singaporean venture capital firm focused on investments in FinTech mobile and internet projects.,Venture Capital,"Debt, Early Stage Venture, Late Stage Venture, Seed","Banking, Enterprise Software, Financial Services, FinTech, Venture Capital",20
TNF Ventures,https://www.crunchbase.com/organization/tnf-ventures,"Singapore, Central Region, Singapore",2,TNF Ventures is an investment advisory firm focused on local startups in Singapore’s central region.,"Micro VC, Venture Capital","Early Stage Venture, Seed","Finance, Financial Services, Impact Investing",19
Majuven,https://www.crunchbase.com/organization/majuven,"Singapore, Central Region, Singapore",5,Majuven is an early and growth stage VC fund founded by experienced business leaders in Singapore in 2012.,Venture Capital,"Early Stage Venture, Late Stage Venture, Seed","Health Care, Venture Capital, Wellness",18
Crystal Horse Investments,https://www.crunchbase.com/organization/crystal-horse-investments,"Singapore, Central Region, Singapore",4,CHI engages in investment activities and financial services; a place providing ideas on how to manage and maximize money and assets.,"Micro VC, Venture Capital","Early Stage Venture, Seed","Consulting, Financial Services, Venture Capital",18
Vertex Management,https://www.crunchbase.com/organization/vertex-management-2,"Singapore, Central Region, Singapore",6,Vertex Management is a venture capital arm of Singapore Technologies Group is today a global venture capital firm.,Venture Capital,,,18
Dymon Asia Ventures,https://www.crunchbase.com/organization/dymon-asia-ventures,"Singapore, Central Region, Singapore",2,Dymon Asia Ventures partners with exceptional entrepreneurs that drive transformation in Financial Services.,Micro VC,Early Stage Venture,"Finance, Financial Services, Venture Capital",18
Expara IDM Ventures,https://www.crunchbase.com/organization/expara-idm-ventures,"Singapore, Central Region, Singapore",,Expara IDM Ventures is a provider of incubation and mentorship to early stage interactive and digital media companies in Singapore.,Venture Capital,,,17
FengHe Group,https://www.crunchbase.com/organization/fenghe-group,"Singapore, Central Region, Singapore",2,FengHe Group is a  leading Asian investment platform,Venture Capital,Late Stage Venture,"Finance, Financial Services",17
Cocoon Capital,https://www.crunchbase.com/organization/cocoon-capital,"Singapore, Central Region, Singapore",,Cocoon Capital is an early-stage venture capital firm investing in enterprise tech across Southeast Asia,Micro VC,"Early Stage Venture, Seed","Artificial Intelligence, Enterprise Applications, Enterprise Software, FinTech, InsurTech, Machine Learning, SaaS",17
Anthill Ventures,https://www.crunchbase.com/organization/anthill-ventures,"Singapore, Central Region, Singapore",1,"Anthill Ventures is a Speed Scaling Ecosystem which helps early growth startups in Pre-Series 'A'. We source, invest, scale and syndicate.","Accelerator, Venture Capital",Early Stage Venture,"Finance, Financial Services, Venture Capital",16
Atlas Ventures,https://www.crunchbase.com/organization/atlas-ventures,"Singapore, Central Region, Singapore",3,Atlas Ventures is an early stage VC fund,Venture Capital,Early Stage Venture,,16
August One,https://www.crunchbase.com/organization/august-one,"Singapore, Central Region, Singapore",2,August One is a private investment firm and a MAS regulated Venture Capital,"Family Investment Office, Private Equity Firm, Venture Capital","Debt, Early Stage Venture, Non Equity Assistance, Private Equity, Seed","CRM, Family, Finance, Financial Services, Information Technology, Venture Capital",16
LionRock Capital,https://www.crunchbase.com/organization/lionrock-capital,"Singapore, Central Region, Singapore",2,LionRock Capital is a family investment office based in Singapore.,Family Investment Office,,,16
SPH Media Fund,https://www.crunchbase.com/organization/sph-media-fund,"Singapore, Central Region, Singapore",1,"SPH Media Fund, the corporate venture arm of Singapore Press Holdings, is focused on investments in the consumer tech and media sector",Corporate Venture Capital,"Early Stage Venture, Late Stage Venture",,15
Golden Equator Ventures,https://www.crunchbase.com/organization/golden-equator-capital,"Singapore, Central Region, Singapore",4,Golden Equator Ventures is a Singapore-based venture capital firm that invests in high-growth technology companies in Southeast Asia.,Venture Capital,"Early Stage Venture, Late Stage Venture","Financial Services, Venture Capital",14
VisVires New Protein,https://www.crunchbase.com/organization/new-protein-capital,"Singapore, Central Region, Singapore",,Pioneers in deploying venture capital into transformative solutions addressing the bottlenecks in the global food and feed system.,Venture Capital,Venture,"AgTech, Aquaculture, Food and Beverage, Food Processing, Nutrition",14
Red Dot Ventures,https://www.crunchbase.com/organization/red-dot-ventures,"Singapore, Central Region, Singapore",1,"Red Dot Ventures is a venture capital firm investing in Singapore-based, seed stage high-tech startups.","Micro VC, Venture Capital",Seed,"Finance, Incubators, Venture Capital",14
Heritas Capital Management,https://www.crunchbase.com/organization/heritas-capital-management,"Singapore, Central Region, Singapore",,Heritas Capital Management is a Private equity firm in Singapore.,"Private Equity Firm, Venture Capital","Early Stage Venture, Late Stage Venture, Private Equity, Venture",,14
True Global Ventures (TGV),https://www.crunchbase.com/organization/true-global-ventures,"Singapore, Central Region, Singapore",4,"True Global Ventures invests in early-stage companies involved in internet, software and mobile technologies.",Venture Capital,Seed,Venture Capital,14
Innosight Ventures,https://www.crunchbase.com/organization/innosight-ventures,"Singapore, Central Region, Singapore",4,Innosight Ventures leverages more than 20 years of applied research by innovation thought leaders like Clayton Christensen and field work,Venture Capital,"Early Stage Venture, Seed","E-Commerce, Financial Services, Venture Capital",14
United Overseas Bank,https://www.crunchbase.com/organization/united-overseas-bank,"Singapore, Central Region, Singapore",4,United Overseas Bank is a bank in China that caters to SMEs with financial services.,Venture Debt,,"Banking, Finance, Financial Services",13
TRIVE,https://www.crunchbase.com/organization/trivevc,"Singapore, Central Region, Singapore",,TRIVE is a venture capital firm that invest in technology startups.,Micro VC,"Early Stage Venture, Seed","Analytics, Artificial Intelligence, Business Intelligence, Internet, Machine Learning, Venture Capital",13
Get2Volume,https://www.crunchbase.com/organization/get2volume,"Singapore, Central Region, Singapore",1,"Capabilities, capital and connections for Midwest and Singapore B2B technology companies",Venture Capital,"Early Stage Venture, Seed, Venture","Financial Services, FinTech, Venture Capital",13
Azione Capital Pte Ltd,https://www.crunchbase.com/organization/azione-capital-pte-ltd,"Singapore, Central Region, Singapore",,Azione Capital Pte Ltd is a seed stage venture capital investment company with its startup business incubator physically headquartered in,Venture Capital,Seed,"Financial Services, FinTech, Venture Capital",13
Iterative,https://www.crunchbase.com/organization/iterative-capital-e970,"Singapore, Central Region, Singapore",,Iterative is an accelerator focused exclusively on Southeast Asia.,"Accelerator, Venture Capital","Early Stage Venture, Seed",,12
IncuVest,https://www.crunchbase.com/organization/incuvest-pte-ltd,"Singapore, Central Region, Singapore",1,IncuVest is a Singapore-based early and growth-stage tech investment platform,"Angel Group, Venture Capital","Convertible Note, Early Stage Venture, Venture","Advanced Materials, Artificial Intelligence, Augmented Reality, Internet of Things, Machine Learning, Medical Device, Semiconductor, Venture Capital",12
MassMutual Ventures Southeast Asia (MMV SEA),https://www.crunchbase.com/organization/massmutual-ventures-southeast-asia-mmv-sea,"Singapore, Central Region, Singapore",0,MassMutual Ventures Southeast Asia (MMV SEA) is the regional arm of MassMutual Ventures.,"Corporate Venture Capital, Venture Capital","Early Stage Venture, Late Stage Venture",,12
500 Durians,https://www.crunchbase.com/organization/500-durians-2,"Singapore, Central Region, Singapore",,"500 Durians is a venture capital firm that helps entrepreneur create successful companies at scale, and build thriving global ecosystems. ",Venture Capital,,"Finance, Financial Services, FinTech, Venture Capital",12
Nodex Capital,https://www.crunchbase.com/organization/nodex-capital,"Singapore, Central Region, Singapore",,Nodex Capital was founded by Singaporean partners experienced in entrepreneurship and capital markets,"Syndicate, Venture Capital","Seed, Venture","Blockchain, Information Technology, Internet",12
Pix Vine Capital,https://www.crunchbase.com/organization/pix-vine-capital,"Singapore, Central Region, Singapore",2,"Pix Vine Capital is a Singaporean early-stage venture capital firm that seeks to invest in infotech, medtech, and fintech.",Corporate Venture Capital,,"Angel Investment, Finance, Financial Services, Impact Investing, Venture Capital",12
Expara Thailand,https://www.crunchbase.com/organization/expara-thailand,"Singapore, Central Region, Singapore",1,Expara Thailand is a venture capital providing both investment and services to the enterprise ecosystem.,Venture Capital,Early Stage Venture,"Financial Services, FinTech, Government, Venture Capital",12
Capikris Foundation,https://www.crunchbase.com/organization/capikris-foundation,"Singapore, Central Region, Singapore",,"Experienced Investor in seed, pre-series A, series A and follow on stages; global, scalable and relevant technologies","Angel Group, Family Investment Office","Early Stage Venture, Seed","Analytics, Angel Investment, Impact Investing, Internet, Medical, Quantum Computing",12
Basil Partners,https://www.crunchbase.com/organization/basil-partners,"Singapore, Central Region, Singapore",5,Basil is a venture capital fund investor that identifies and invests in niche technologies that are disrupting the IT services space.,"Micro VC, Venture Capital",Early Stage Venture,,11
Signum Capital,https://www.crunchbase.com/organization/signum-capital,"Singapore, Central Region, Singapore",,Signum Capital is a Singapore-based firm that exclusively consults in Blockchain-enabled companies.,Venture Capital,"Early Stage Venture, Late Stage Venture",,11
Accelerating Asia,https://www.crunchbase.com/organization/accelerating-asia,"Singapore, Central Region, Singapore",,Accelerating Asia is an early-stage Venture Capital Fund with a focus on pre-Series A startups in Southeast and South Asia.,"Accelerator, Venture Capital","Early Stage Venture, Seed",Financial Services,11
SEGNEL Ventures,https://www.crunchbase.com/organization/segnel-ventures,"Singapore, Central Region, Singapore",2,SEGNEL provides seed and venture-stage funding to brilliant entrepreneurs and companies across the South Asian and South East Asian Region,"Micro VC, Venture Capital","Early Stage Venture, Seed","Digital Media, E-Commerce, EdTech, Local, Marketplace, Mobile",11
Govin Capital Pte Ltd,https://www.crunchbase.com/organization/govin-capital,"Singapore, Central Region, Singapore",1,Govin capital is an venture company that aims to add value to innovative Startups by mking investments with access to mentors & markets,Venture Capital,"Early Stage Venture, Seed","Artificial Intelligence, Biotechnology, Education, Health Care, Health Diagnostics, Health Insurance, Information Technology, Medical, Venture Capital",11
Coent Venture Partners,https://www.crunchbase.com/organization/coent-venture-partners,"Singapore, Central Region, Singapore",1,"COENT is a venture capital organization that provides management, overseas business development, and capital for entrepreneurs.","Micro VC, Venture Capital","Early Stage Venture, Seed","Financial Services, FinTech, Venture Capital",11
Tanglin Venture Partners,https://www.crunchbase.com/organization/tanglin-venture-partners,"Singapore, Central Region, Singapore",,Tanglin Venture Partners provides investment advisory services.,Micro VC,,Venture Capital,10
LuneX Ventures,https://www.crunchbase.com/organization/lunex-ventures,"Singapore, Central Region, Singapore",,LuneX has a global mandate to invest exclusively in high-growth blockchain companies and cryptocurrency assets.,Micro VC,,"Finance, Financial Services, Venture Capital",10
BioVeda Capital,https://www.crunchbase.com/organization/bioveda-capital,"Singapore, Central Region, Singapore",5,"BioVeda is a Singapore based firm. They invest in companies in the healthcare sector with leading market positions, proprietary",Venture Capital,Early Stage Venture,"Health Care, Impact Investing, Life Science, Medical",10
Alps Ventures,https://www.crunchbase.com/organization/alps-ventures,"Singapore, Central Region, Singapore",1,Alps Ventures is a venture builder headquartered in Singapore with investments in Southeast Asia.,"Incubator, Venture Capital",Seed,"Finance, Incubators",10
GTR Ventures,https://www.crunchbase.com/organization/gtr-ventures,"Singapore, Central Region, Singapore",,"Venture and Debt Capital for Trade, Trade finance, and SME finance","Corporate Venture Capital, Venture Capital","Debt, Early Stage Venture, Seed","Angel Investment, Financial Services, Social Media, Venture Capital",10
Accelerasia Ventures,https://www.crunchbase.com/organization/accelerasia-ventures,"Singapore, Central Region, Singapore",,Accelerasia Ventures,Venture Capital,Early Stage Venture,,9
TNB AURA,https://www.crunchbase.com/organization/tnb-ventures-pte-ltd,"Singapore, Central Region, Singapore",1,Next generation Venture Capital for Southeast Asia,Venture Capital,Early Stage Venture,"Artificial Intelligence, E-Commerce, EdTech, FinTech, Health Care, Industrial Automation, Internet of Things, Logistics, Smart Building, Smart Cities",9
TRIREC,https://www.crunchbase.com/organization/trirec,"Singapore, Central Region, Singapore",,TRIREC is an investment holding company incorporated in the Republic of Singapore with key focus on renewable energy and clean technology.,Venture Capital,,,9
HH Investments VC,https://www.crunchbase.com/organization/hh-investments,"Singapore, Central Region, Singapore",,Venture Capital firm with focus on early stage technology ventures that solve meaningful problems.,"Family Investment Office, Venture Capital","Convertible Note, Early Stage Venture, Seed",,9
Hera Capital,https://www.crunchbase.com/organization/hera-capital,"Singapore, Central Region, Singapore",1,"Hera Capital is a Registered Fund Management Company, registered with the Monetary Authority of Singapore",Venture Capital,,Finance,9
Raffle Venture Partners,https://www.crunchbase.com/organization/raffle-venture-partners,"Singapore, Central Region, Singapore",1,Raffle Venture Partners is a Singapore-based venture capital company specialized in late stage investments.,Venture Capital,Late Stage Venture,"Asset Management, Finance, Real Estate Investment",9
Plug and Play Asia Pacific,https://www.crunchbase.com/organization/plug-and-play-asia-pacific,"Singapore, Central Region, Singapore",,Plug & Play’s Asia Pacific headquarters is located in Singapore. Launched in 2010 to invest in high tech startups.,"Accelerator, Venture Capital",Early Stage Venture,"Automotive, FinTech, Hospitality, InsurTech, Internet of Things, Mobile, Retail Technology, Travel",9
Neoteny Labs,https://www.crunchbase.com/organization/neoteny-labs,"Singapore, Central Region, Singapore",4,Neoteny Labs is an early stage fund focused on consumer Internet startups in Asia and the Middle East.,Micro VC,"Early Stage Venture, Seed","Banking, Finance, Venture Capital",9
Gayo Capital,https://www.crunchbase.com/organization/gayo-capital,"Singapore, Central Region, Singapore",,Investing Tomorrow's Winner,"Accelerator, Venture Capital, Venture Debt","Convertible Note, Debt, Early Stage Venture, Seed, Venture","Agriculture, Aquaculture, Drones, Education, Impact Investing, Lifestyle, Logistics, Supply Chain Management, Waste Management",8
Asia Africa Investment & Consulting,https://www.crunchbase.com/organization/asia-africa-investment-consulting,"Singapore, Central Region, Singapore",,Asia Africa Investment & Consulting is an investment firm,Venture Capital,"Early Stage Venture, Late Stage Venture",Health Care,8
PSA Unboxed,https://www.crunchbase.com/organization/psa-unboxed,"Singapore, Central Region, Singapore",,PSA unboXed is the external innovation and Venture capital arm of PSA International.,Corporate Venture Capital,"Early Stage Venture, Seed",Venture Capital,8
Startup-O,https://www.crunchbase.com/organization/startup-o,"Singapore, Central Region, Singapore",,"Global Venture Builder - Assessment, Investment & Cross Border Scaling",Venture Capital,"Early Stage Venture, Seed","Analytics, Internet, Venture Capital",8
Cardinal Capital,https://www.crunchbase.com/organization/cardinal-capital,"Singapore, Central Region, Singapore",,"Blockchain, Cryptocurrency, Fintech",Venture Capital,"Early Stage Venture, Initial Coin Offering, Seed","Blockchain, Cryptocurrency, Finance, Financial Services, Information Technology",8
Rekanext,https://www.crunchbase.com/organization/rekanext,"Singapore, Central Region, Singapore",,Rekanext is an early stage VC fund focusing in Southeast Asia.,Venture Capital,"Early Stage Venture, Seed",,8
8capita Partners,https://www.crunchbase.com/organization/8capita-partners,"Singapore, Central Region, Singapore",2,8capita Partners is a Singapore-based venture capital firm that invests in early-stage internet and mobile companies.,Venture Capital,Seed,Venture Capital,8
Gunosy Capital,https://www.crunchbase.com/organization/gunosy-capital,"Singapore, Central Region, Singapore",,Gunosy Capital is a firm.,Corporate Venture Capital,Venture,,8
Saison Capital,https://www.crunchbase.com/organization/saison-capital,"Singapore, Central Region, Singapore",,Saison Capital is a venture capital arm of Credit Saison.,Venture Capital,"Early Stage Venture, Late Stage Venture, Seed","Financial Services, FinTech",7
SPH Ventures,https://www.crunchbase.com/organization/sph-ventures,"Singapore, Central Region, Singapore",,SPH Ventures is a S$100 million venture capital fund set up by Singapore Press Holdings Limited.,Venture Capital,Early Stage Venture,Venture Capital,7
Genesis Alternative Ventures,https://www.crunchbase.com/organization/genesis-alternative-ventures,"Singapore, Central Region, Singapore",1,Empowering growth and minimising dilution. Debt capital for Southeast Asia’s leading venture-backed companies.,"Venture Capital, Venture Debt","Debt, Early Stage Venture, Late Stage Venture",Venture Capital,7
Serendipity Capital,https://www.crunchbase.com/organization/serendipity-capital,"Singapore, Central Region, Singapore",,Serendipity Capital is a financial services principal investing firm.,"Private Equity Firm, Venture Capital","Early Stage Venture, Private Equity, Seed, Venture","Financial Services, FinTech, Sustainability, Venture Capital",7
Vertex Growth Fund,https://www.crunchbase.com/organization/vertex-growth-fund,"Singapore, Central Region, Singapore",,Vertex Growth Fund is an investment firm.,Venture Capital,,"Finance, Financial Services",7
VinaCapital Investment Management,https://www.crunchbase.com/organization/vinacapital-investment-management,"Singapore, Central Region, Singapore",1,VinaCapital Investment Management is the leading investment management and real estate development firm in Vietnam.,Venture Capital,,"Crowdfunding, Financial Services, Real Estate, Venture Capital",7
Accel X,https://www.crunchbase.com/organization/accel-x,"Singapore, Central Region, Singapore",,"Accel-X Pte Ltd, is a venture capital fund that invests in early stage technology companies that are highly scalable.",Venture Capital,"Early Stage Venture, Seed",Venture Capital,7
Scentan Ventures,https://www.crunchbase.com/organization/scentan-ventures,"Singapore, Central Region, Singapore",2,"Scentan Ventures is focused on the industries of Internet, IT, and Mobile, and makes strategic investments to offer assistance with such",Venture Capital,"Early Stage Venture, Late Stage Venture, Seed",,7
tryb Group,https://www.crunchbase.com/organization/tryb,"Singapore, Central Region, Singapore",,tryb Group invests in ASEAN fintech.,"Private Equity Firm, Venture Capital","Early Stage Venture, Late Stage Venture, Private Equity","Analytics, Financial Services, FinTech, Micro Lending, SaaS",6
Singapore Exchange Limited,https://www.crunchbase.com/organization/singapore-exchange,"Singapore, Central Region, Singapore",1,"SGX is the Asian Gateway, connecting investors in search of Asian growth to corporate issuers in search of global capital.",Corporate Venture Capital,,"Finance, Financial Services",6
The Spartan Group,https://www.crunchbase.com/organization/the-spartan-group-4202,"Singapore, Central Region, Singapore",,Spartan is a leading blockchain advisory and investment firm,Venture Capital,Early Stage Venture,Internet,6
Clermont Group,https://www.crunchbase.com/organization/clermont-group,"Singapore, Central Region, Singapore",,The Clermont Group is a private investment group,Venture Capital,,Angel Investment,6
Elev8.VC,https://www.crunchbase.com/organization/elevate-vc,"Singapore, Central Region, Singapore",,Elev8.VC is a deep tech B2B focused VC Fund based in Singapore.,Venture Capital,,,6
Far East Ventures,https://www.crunchbase.com/organization/far-east-ventures,"Singapore, Central Region, Singapore",1,Far East Ventures invests in visionary entrepreneurs that build disruptive technologies and companies at all stages in all sectors.,"Corporate Venture Capital, Family Investment Office, Venture Capital","Convertible Note, Early Stage Venture, Late Stage Venture, Seed, Venture","Angel Investment, Financial Services, Impact Investing, Mobile, Venture Capital",6
Vulpes Investment Management Pte Ltd,https://www.crunchbase.com/organization/testudo-funds,"Singapore, Central Region, Singapore",1,Vulpes Investment Management is an alternative investment manager,"Hedge Fund, Venture Capital","Early Stage Venture, Late Stage Venture, Secondary Market",,6
TWIN CAPITAL ASSET MANAGEMENT,https://www.crunchbase.com/organization/twin-capital-asset-management,"Singapore, Central Region, Singapore",,"Fintech, Payment, Blockchain, Real Estate, BioTech, Agriculture, Education",Venture Capital,"Early Stage Venture, Initial Coin Offering, Post-Ipo, Secondary Market, Seed","Banking, Biotechnology, Blockchain, E-Commerce, Financial Services, FinTech, Health Care, Information Technology, Real Estate, Real Estate Investment",6
Amand Ventures,https://www.crunchbase.com/organization/amand-ventures,"Singapore, Central Region, Singapore",,Amand Ventures is an investment holding company focusing on early stage startup investments.,Venture Capital,Early Stage Venture,,6
C31Ventures,https://www.crunchbase.com/organization/c31ventures,"Singapore, Central Region, Singapore",,The venture capital arm of CapitaLand. C31 Ventures invest in technology start-us that complement the Group's real estate business.,Venture Capital,,"Real Estate, Shopping Mall",6
Fullerton Financial Holdings,https://www.crunchbase.com/organization/fullerton-financial-holdings,"Singapore, Central Region, Singapore",,Fullerton Financial Holdings is a company that specializes in financial advisory services.,Venture Capital,,Financial Services,6
Mojo Partners,https://www.crunchbase.com/organization/mojo-partners,"Singapore, Central Region, Singapore",,Mojo Partners is the family office fund of Ong Beng Seng's family.,Family Investment Office,,,6
ESP Capital,https://www.crunchbase.com/organization/esp-capital,"Singapore, Central Region, Singapore",,ESP Capital is an early stage venture capital fund.,Venture Capital,Early Stage Venture,,6
Sirius Venture Capital,https://www.crunchbase.com/organization/sirius-venture-capital-pte-ltd,"Singapore, Central Region, Singapore",,Sirius Venture Capital is an angel and venture capital investor to invest in overseas food tech companies.,Venture Capital,,"Food and Beverage, Small and Medium Businesses, Venture Capital",6
PhillipCapital,https://www.crunchbase.com/organization/phillipcapital,"Singapore, Central Region, Singapore",,"PhillipCapital is a financial organization that offers its services to retail, corporate, and institutional customers.",Venture Capital,Early Stage Venture,Financial Services,6
Khattar Holdings,https://www.crunchbase.com/organization/khattar-holdings,"Singapore, Central Region, Singapore",1,Khattar Holdings Private Limited operates as an investment holding company and is based in Singapore.,Venture Capital,,,6
BXR Partners LLP,https://www.crunchbase.com/organization/bxr-partners-llp,"Singapore, Central Region, Singapore",2,BXR Partners LLP is a venture capital company located in United Kingdom.,Venture Capital,,"Finance, Financial Services, Venture Capital",6
Rutledge Vine Capital,https://www.crunchbase.com/organization/rutledge-vine-capital,"Singapore, Central Region, Singapore",1,Rutledge Vine Capital is a venture capital firm focused on startup and seed technology companies.,Venture Capital,"Early Stage Venture, Seed",,6
Seed Myanmar,https://www.crunchbase.com/organization/seed-myanmar,"Singapore, Central Region, Singapore",,Seed Myanmar is a venture capital firm focused on early stage investments of technology.,Venture Capital,,,6
Singapore Bio-Innovations,https://www.crunchbase.com/organization/singapore-bio-innovations,"Singapore, Central Region, Singapore",3,Singapore Bio-Innovations is a venture capital firm that finances later stage investments.,Venture Capital,Late Stage Venture,,6
GENIEE,https://www.crunchbase.com/organization/geniee,"Singapore, Central Region, Singapore",,"GENIEE (TYO6562, A Member of SoftBank Group) is APAC Digital Marketing Technology and Advertising Technology Company.",Corporate Venture Capital,"Early Stage Venture, Late Stage Venture, Seed","Ad Network, Advertising, Advertising Platforms, Digital Marketing",5
Alto Partners Multi-Family Office,https://www.crunchbase.com/organization/alto-partners-multi-family-office,"Singapore, Central Region, Singapore",,A Multi-Family Office investment partnership in Asia comprising prominent entrepreneurs and next-generation wealth,Family Investment Office,,,5
FEBE Ventures,https://www.crunchbase.com/organization/febe-ventures,"Singapore, Central Region, Singapore",,FEBE Ventures is an early stage VC fund supporting outstanding entrepreneurs in Vietnam & Southeast Asia.,Venture Capital,"Convertible Note, Early Stage Venture, Seed, Venture",,5
SMRT Ventures,https://www.crunchbase.com/organization/momentum-8119,"Singapore, Central Region, Singapore",,A corporate venture and incubation platform of SMRT Corporation.,Corporate Venture Capital,Early Stage Venture,"E-Commerce, Logistics, Travel",5
HealthXCapital,https://www.crunchbase.com/organization/healthxcapital,"Singapore, Central Region, Singapore",,Asia’s first healthtech venture capital fund,Venture Capital,Early Stage Venture,Commercial,5
Tin Men Capital,https://www.crunchbase.com/organization/tin-men-capital,"Singapore, Central Region, Singapore",,Tin Men Capital is a Venture Capital & Private Equity  Company ,Venture Capital,,"Angel Investment, B2B, Venture Capital",5
Fintonia Group,https://www.crunchbase.com/organization/fintonia-group,"Singapore, Central Region, Singapore",1,Fintonia Group is a leading FinTech venture capital firm based in Singapore that invests in FinTech companies in ASEAN and Hong Kong.,Venture Capital,,,5
Aura Group,https://www.crunchbase.com/organization/aura-group,"Singapore, Central Region, Singapore",,"Aura Group is a financial services business providing tailored wealth, funds management and corporate advisory solutions to clients.","Family Investment Office, Investment Bank, Private Equity Firm, Venture Capital","Debt, Private Equity, Venture","Accounting, Asset Management, Credit, Financial Services, FinTech, Funding Platform, Venture Capital, Wealth Management",5
Du Capital,https://www.crunchbase.com/organization/du-capital,"Singapore, Central Region, Singapore",,Du Capital is a Singapore-based multi-stage investment firm concentrated on backing companies.,Venture Capital,,"Finance, Financial Services, Venture Capital",5
OWW Capital Partners,https://www.crunchbase.com/organization/oww-capital-partners,"Singapore, Central Region, Singapore",1,"OWW Capital Partners is an investment company, contributing financially to service providers in education, healthcare, logistics, and so on.",Venture Capital,Early Stage Venture,,5
Grab Ventures,https://www.crunchbase.com/organization/grab-ventures,"Singapore, Central Region, Singapore",,An accelerator and investment unit of Grab.,Venture Capital,Early Stage Venture,Venture Capital,5
Agility Ventures,https://www.crunchbase.com/organization/agility-ventures-c6a3,"Singapore, Central Region, Singapore",,"Agility Ventures offers start-ups access to a global network of resources, and the know-how to incubate, invest and scale the best ideas.",Corporate Venture Capital,,"Asset Management, Financial Services, Logistics, Supply Chain Management, Venture Capital",5
Nullabor,https://www.crunchbase.com/organization/nullabor-vc,"Singapore, Central Region, Singapore",,"NULLABOR is a Singapore based investor in seed and growth stage ventures, predominantly focused on Southeast Asian markets.",Family Investment Office,"Early Stage Venture, Late Stage Venture, Seed",,5
Heywood and Sons,https://www.crunchbase.com/organization/heywood-and-sons,"Singapore, Central Region, Singapore",,Heywood is a company builder that co-create startups with fortune 500 companies.,Venture Capital,,"Business Development, Finance, Innovation Management, Venture Capital",5
East Pacific Capital Private Limited,https://www.crunchbase.com/organization/east-pacific-capital-private-limited,"Singapore, Central Region, Singapore",1,Venture capital in Asia and Latin America,Venture Capital,"Private Equity, Seed",Venture Capital,5
Yincubator,https://www.crunchbase.com/organization/yincubator,"Singapore, Central Region, Singapore",,Yincubator is a boutique independent investment firm.,Micro VC,"Early Stage Venture, Seed","Finance, Financial Services",5
QCP Capital,https://www.crunchbase.com/organization/qcp-capital,"Singapore, Central Region, Singapore",,QCP Capital is a digital asset trading firm.,Venture Capital,,"Consulting, Cryptocurrency, Financial Services, Venture Capital",4
MegaOne Ventures,https://www.crunchbase.com/organization/mega-one-partners,"Singapore, Central Region, Singapore",,MegaOne Ventures help investors find promising companies in Southeast Asia.,"Micro VC, Venture Capital","Early Stage Venture, Non Equity Assistance, Seed","Consulting, Financial Services, Venture Capital",4
She1K,https://www.crunchbase.com/organization/she1k,"Singapore, Central Region, Singapore",,She1K is a first global private corporate executive women network and collective angel fund.,Micro VC,Seed,,4
Tuas Capital Partners,https://www.crunchbase.com/organization/tuas-capital-partners,"Singapore, Central Region, Singapore",,"Tuas Capital Partners is a private equity investment company that invests in, supports, and accelerate businesses’ growth.",Venture Capital,"Early Stage Venture, Seed",,4
BANSEA,https://www.crunchbase.com/organization/bansea,"Singapore, Central Region, Singapore",,"BANSEA is an angel investment community to provide outside venture capital for established, and startup businesses.","Micro VC, Venture Capital",,"Angel Investment, Finance, Financial Services",4
Jubilee Capital Management,https://www.crunchbase.com/organization/jubilee-capital-management,"Singapore, Central Region, Singapore",,Jubilee Capital Management is a venture capital firm that invests in early-stage tech startups and across different markets.,Venture Capital,Early Stage Venture,Venture Capital,4
ID Capital,https://www.crunchbase.com/organization/id-capital-b1e8,"Singapore, Central Region, Singapore",,ID Capital focuses on investing in early-stage agritech and foodtech startups.,"Micro VC, Venture Capital",Early Stage Venture,"AgTech, Financial Services, Food and Beverage",4
Verge HealthTech Fund,https://www.crunchbase.com/organization/verge-healthtech-fund,"Singapore, Central Region, Singapore",,Verge HealthTech Fund is a global healthcare technology companies.,Venture Capital,Seed,,4
Prestellar Ventures,https://www.crunchbase.com/organization/prestellar-ventures,"Singapore, Central Region, Singapore",,Prestellar Ventures is an early-stage VC fund that seeks to partner with passionate entrepreneurs and disruptive startups,Venture Capital,"Early Stage Venture, Seed","Finance, Social Entrepreneurship, Venture Capital",4
Ethos Partners,https://www.crunchbase.com/organization/ethos-partners-5d9d,"Singapore, Central Region, Singapore",,Ethos Partners is an early-stage venture investment firm.,Venture Capital,"Early Stage Venture, Private Equity, Venture","Finance, Financial Services",4
Mountain Pine Capital,https://www.crunchbase.com/organization/mountain-pine-capital,"Singapore, Central Region, Singapore",,Mountain Pine Capital is a private investment company and advisory firm.,Venture Capital,,,4
INSEADAlum Ventures,https://www.crunchbase.com/organization/inseadalum-ventures,"Singapore, Central Region, Singapore",,INSEADAlum Ventures (IAV) is a VC arm of international business school operator INSEAD,"Micro VC, Venture Capital",,Venture Capital,4
Frankel iCapital Holdings,https://www.crunchbase.com/organization/frankel-icapital-holdings,"Singapore, Central Region, Singapore",1,Internet VC founded by tech leaders,"Incubator, Venture Capital",,"Information Technology, Internet, Software",4
JAIC Asia Capital,https://www.crunchbase.com/organization/jaic-asia-capital,"Singapore, Central Region, Singapore",,"JAIC Asia Capital is a member of Japan Asia Investment Co. Ltd. It was established in 1994 as Yamaichi Asia Venture Capital Pte Ltd, and",Venture Capital,,,4
Gaiax Global Marketing & Ventures,https://www.crunchbase.com/organization/gaiax-global-marketing-ventures,"Singapore, Central Region, Singapore",,Gaiax Global Marketing & Ventures conducts research and makes investments in infocommunications companies.,Venture Capital,Early Stage Venture,,4
Marvelstone Group,https://www.crunchbase.com/organization/marvelstone-group,"Singapore, Central Region, Singapore",,Marvelstone Group​ ​is a private investment group that develops and invests in growing businesses globally.,"Private Equity Firm, Venture Capital","Convertible Note, Debt, Early Stage Venture, Initial Coin Offering, Late Stage Venture, Secondary Market, Seed","Finance, Financial Services, Real Estate, Venture Capital",3
Defiance Capital,https://www.crunchbase.com/organization/defiance-capital-96c1,"Singapore, Central Region, Singapore",,Defiance Capital is a Decentralized Finance (DeFi) focused cryptoasset fund.,Venture Capital,,,3
Reefknot Investments,https://www.crunchbase.com/organization/reefknot-investments,"Singapore, Central Region, Singapore",,Reefknot Investments is a high growth technology businesses seeking to transform the supply chain and logistics industry.,Venture Capital,,Logistics,3
Asia Partners Fund Management,https://www.crunchbase.com/organization/asia-partners-6ea8,"Singapore, Central Region, Singapore",,Asia Partners are a growth equity firm focusing on investments in technology and technology-enabled companies.,Venture Capital,Early Stage Venture,,3
Schulze Global Investments Limited,https://www.crunchbase.com/organization/schulze-global-investments-limited,"Singapore, Central Region, Singapore",,Schulze Global Investments Limited is a private investment firm focused on the world's most dynamic growth markets.,Venture Capital,,"Financial Services, FinTech",3
Esco Ventures,https://www.crunchbase.com/organization/lin-xiang-qian,"Singapore, Central Region, Singapore",,"Esco Ventures invests at the early stage in life sciences tools & diagnostics, women's health and therapeutics.",Corporate Venture Capital,"Early Stage Venture, Seed","Biotechnology, Health Care, Health Diagnostics",3
Kamet Capital Partners,https://www.crunchbase.com/organization/kamet-capital-partners,"Singapore, Central Region, Singapore",,Kamet Capital Partners,"Family Investment Office, Venture Capital",,,3
Aurum Investments,https://www.crunchbase.com/organization/aurum-investments,"Singapore, Central Region, Singapore",,Aurum Investments is a subsidiary of construction group Woh Hup Holdings with a focus on prop tech investments.,Venture Capital,"Early Stage Venture, Late Stage Venture","Asset Management, Real Estate, Real Estate Investment",3
Venturecraft Group,https://www.crunchbase.com/organization/venturecraft-group,"Singapore, Central Region, Singapore",,"Venturecraft Group, is a private investment group and venture capital platform that provides working capital",Venture Capital,,"Banking, Finance, Venture Capital",3
Block Crafters Capital,https://www.crunchbase.com/organization/block-crafters-capital,"Singapore, Central Region, Singapore",,Block Crafters Capital is a subsidiary of Block Crafters which provides professional asset management and crypto fund service.,Venture Capital,"Early Stage Venture, Initial Coin Offering, Seed",,3
BlueRed Partners,https://www.crunchbase.com/organization/bluered-partners,"Singapore, Central Region, Singapore",,BlueRed Partners is the leading VC fund for Israeli startups expanding into Asian markets,Venture Capital,"Early Stage Venture, Late Stage Venture",,3
IncubAsia Ventures,https://www.crunchbase.com/organization/incubasia-ventures,"Singapore, Central Region, Singapore",2,IncubAsia Ventures is a venture capital that works with early-stage technology companies in the expanding Asian markets.,Micro VC,,"Angel Investment, Financial Services, Venture Capital",3
Link VC,https://www.crunchbase.com/organization/link-vc,"Singapore, Central Region, Singapore",,LinkVC committed to serving outstanding companies and developers in the field of blockchain.,"Micro VC, Venture Capital",Early Stage Venture,,3
RAPZO CAPITAL,https://www.crunchbase.com/organization/rapzo-capital,"Singapore, Central Region, Singapore",,RAPZO CAPITAL family office,Family Investment Office,"Early Stage Venture, Late Stage Venture, Private Equity, Seed, Venture",,3
Spaze Ventures,https://www.crunchbase.com/organization/spaze-ventures,"Singapore, Central Region, Singapore",1,A startup incubator and seed capital firm based in Singapore. ,"Incubator, Venture Capital",Seed,,3
Heritas Venture Fund,https://www.crunchbase.com/organization/heritas-venture-fund,"Singapore, Central Region, Singapore",,Heritas Venture Fund,Venture Capital,"Early Stage Venture, Late Stage Venture",,3
IDM Venture Capital,https://www.crunchbase.com/organization/idm-venture-capital,"Singapore, Central Region, Singapore",1,IDM Venture Capital is a Singaporean venture capital fund that invests in high-growth digital media companies.,Venture Capital,,"Financial Services, Venture Capital",3
Silicon Straits,https://www.crunchbase.com/organization/silicon-straits,"Singapore, Central Region, Singapore",,Silicon Straits is a tech venture foundry that focuses on startups and early-stage companies operating in Southeast Asia.,Venture Debt,Seed,"Business Intelligence, Information Technology, Mobile, Product Design",3
ST Engineering Ventures Fund,https://www.crunchbase.com/organization/st-engineering-ventures,"Singapore, Central Region, Singapore",,Venture capital unit of ST Engineering .,Corporate Venture Capital,Early Stage Venture,,3
Luminor Capital,https://www.crunchbase.com/organization/luminor-capital,"Singapore, Central Region, Singapore",1,Luminor Capital is a Private Equity group headquarted in Singapore. Their objective is to create value and achieve investment returns from,Venture Capital,Late Stage Venture,,3
Upstream Ventures,https://www.crunchbase.com/organization/upstream-ventures,"Singapore, Central Region, Singapore",,"Upstream Ventures is a venture capital firm focused on early stage companies across Singapore, India, and China.",Venture Capital,"Early Stage Venture, Seed",,3
ComfortDelGro Capital Partners,https://www.crunchbase.com/organization/comfortdelgro-capital-partners,"Singapore, Central Region, Singapore",,"ComfortDelGro Capital Partners is the global fund will focus on ""next-generation mobility companies",Corporate Venture Capital,Venture,,3
Unlimited Capital,https://www.crunchbase.com/organization/unlimited-capital,"Singapore, Central Region, Singapore",,Unlimited Capital focuses on venture investments in high-tech projects and startups on different stages.,Venture Capital,,"Augmented Reality, Digital Media, Venture Capital",3
YSS Capital,https://www.crunchbase.com/organization/yss-capital,"Singapore, Central Region, Singapore",,"YSS Capital specializes in rubber manufacturing, art collection, venture capital, real estate investments, and financial investments.",Venture Capital,,,3
Kathrein Ventures,https://www.crunchbase.com/organization/kathrein-ventures,"Singapore, Central Region, Singapore",1,Kathrein Ventures is a micro-venture capital fund that finances startups in Southeast Asia and Latin America.,Micro VC,Seed,,3
Green Dot Capital,https://www.crunchbase.com/organization/green-dot-capital,"Singapore, Central Region, Singapore",2,"Green Dot Capital Pte, Ltd., an e-business company, invests in information technology and e-business startups in Asia and the United",Venture Capital,,,3
Dunamis Ventures,https://www.crunchbase.com/organization/dunamis-ventures,"Singapore, Central Region, Singapore",,Dunamis Ventures is a financial services company that specializes in the fields of private equity investment partnership.,Venture Capital,,,3
Asia Pacific Growth Management,https://www.crunchbase.com/organization/asia-pacific-growth-management,"Singapore, Central Region, Singapore",,Asia Pacific Growth Management is an independent consulting firm that focuses on helping companies grow.,Venture Capital,,"Business Development, Consulting",3
Zana Capital,https://www.crunchbase.com/organization/zana-capital,"Singapore, Central Region, Singapore",,Zana Capital is a venture capital and private equity firm.,"Private Equity Firm, Venture Capital","Private Equity, Venture",,3
FundedHere,https://www.crunchbase.com/organization/fundedhere,"Singapore, Central Region, Singapore",,FundedHere Discover the region's most exciting startups and be part of the entrepreneur's journey.,Venture Capital,,"Crowdfunding, Finance, FinTech, Lending",2
Capital Impetus Group,https://www.crunchbase.com/organization/capital-impetus-group,"Singapore, Central Region, Singapore",,Global Financial Holding Company,"Corporate Venture Capital, Investment Bank, Private Equity Firm",Private Equity,"Food and Beverage, Gaming, Manufacturing, Medical Device, Retail, Travel",2
Aglaia Family Office,https://www.crunchbase.com/organization/aglaia-family-office,"Singapore, Central Region, Singapore",,Aglaia Family Office provide comprehensive and bespoke family office services to ultra high net worth families.,Family Investment Office,,Financial Services,2
J Capital,https://www.crunchbase.com/organization/j-capital,"Singapore, Central Region, Singapore",,"J Capital is an investment firm primarily focused on ventures, tokens and project .",Venture Capital,Early Stage Venture,,2
ARA Asset Management,https://www.crunchbase.com/organization/ara-asset-management,"Singapore, Central Region, Singapore",1,ARA Asset Management Limited (“ARA”) is a premier integrated real estate fund manager in Asia.,Venture Capital,,,2
GBCI Ventures,https://www.crunchbase.com/organization/gbci-ventures,"Singapore, Central Region, Singapore",,GBCI Ventures is the leading smart city solutions provider.,Venture Capital,"Early Stage Venture, Seed","Financial Services, Venture Capital",2
Coffee Ventures,https://www.crunchbase.com/organization/coffee-ventures,"Singapore, Central Region, Singapore",,"Micro-VC supporting startups addressing SEA markets - Sectors include health & wellness, education, finance, enterprise, AI and marketplace.",Micro VC,"Early Stage Venture, Seed","Financial Services, Venture Capital",2
High Output Ventures,https://www.crunchbase.com/organization/high-output-ventures,"Singapore, Central Region, Singapore",,High Output Ventures is a seed stage fund and startup studio.,Venture Capital,Seed,Information Technology,2
Jetty Ventures,https://www.crunchbase.com/organization/jetty-ventures,"Singapore, Central Region, Singapore",,Jetty Ventures invest in high growth and value models.,Venture Capital,Early Stage Venture,,2
Nalanda Capital,https://www.crunchbase.com/organization/nalanda-capital,"Singapore, Central Region, Singapore",2,Nalanda is making the information available on this website as a public service,Venture Capital,,,2
X Capital Ventures,https://www.crunchbase.com/organization/x-capital-ventures,"Singapore, Central Region, Singapore",,X Capital Ventures is an investment group that invests opportunistically in Seed to Series B ventures.,Venture Capital,"Early Stage Venture, Seed",Financial Services,2
AIRMESH,https://www.crunchbase.com/organization/airmesh,"Singapore, Central Region, Singapore",,Enabling Connected Life,Corporate Venture Capital,"Early Stage Venture, Secondary Market, Seed","Advertising Platforms, Artificial Intelligence, Communications Infrastructure, Internet, Internet of Things, Location Based Services, Machine Learning",2
Orchard Global Asset Management,https://www.crunchbase.com/organization/orchard-global-asset-management,"Singapore, Central Region, Singapore",1,Orchard Global Asset Management (“OGAM”) is a leading global alternatives asset management firm.,"Private Equity Firm, Venture Capital",,Financial Services,2
Endeavour Ventures,https://www.crunchbase.com/organization/endeavour-ventures-c7ad,"Singapore, Central Region, Singapore",,Seed-stage sector agnostic venture in Southeast Asia,Micro VC,Seed,,2
Makara Capital,https://www.crunchbase.com/organization/makara-capital,"Singapore, Central Region, Singapore",,Makara Capital is a global financial services company that specializes in fund management as well as structuring and financing.,Venture Capital,"Early Stage Venture, Late Stage Venture","Financial Services, FinTech, Venture Capital",2
Small World Group,https://www.crunchbase.com/organization/small-world-group,"Singapore, Central Region, Singapore",,SMALL WORLD GROUP knows the planet is small and the population huge. So we align with sustainability. MAKE A 1% ∆: Startups with ambition,Venture Capital,,"Collaboration, Energy, Incubators",2
The Renewable Energy Corporation,https://www.crunchbase.com/organization/the-renewable-energy-corporation,"Singapore, Central Region, Singapore",,The Renewable Energy Corporation is a solar power company.,Venture Capital,,"Energy, Solar",2
Amereus Group,https://www.crunchbase.com/organization/amereus-group,"Singapore, Central Region, Singapore",,"Founded in 2015 and headquartered in Singapore, Amereus Group is a private equity company that invests in tech ventures globally",Venture Capital,"Early Stage Venture, Private Equity",,2
Mercatus Capital,https://www.crunchbase.com/organization/mercatus-capital,"Singapore, Central Region, Singapore",,"Mercatus helps connecting with investors and business angels, as well as providing seed capital ourselves to get innovative projects.",Venture Capital,Early Stage Venture,,2
Calibre Ventures,https://www.crunchbase.com/organization/calibre-ventures,"Singapore, Central Region, Singapore",,Calibre Ventures invests in enterprise technology start-ups looking for institutional capital to accelerate growth.,Venture Capital,Early Stage Venture,,2
Blockasset Ventures,https://www.crunchbase.com/organization/blockasset-ventures,"Singapore, Central Region, Singapore",,We leverage our years of experience in the digital asset space and blockchain projects,Venture Capital,,Blockchain,2
CES Edutech,https://www.crunchbase.com/organization/ces-edutech,"Singapore, Central Region, Singapore",,CES Edutech is an education investment company with a particular focus on the education technology sector in Asia.,Venture Capital,"Debt, Early Stage Venture","EdTech, Education",2
CIH Investment Capital Limited,https://www.crunchbase.com/organization/cih-investment-capital-limited,"Singapore, Central Region, Singapore",,"CIH Investment Capital Limited is a service provider involved in banking, insurance, asset management, investments and micro finance.",Venture Capital,,,2
Extream Ventures,https://www.crunchbase.com/organization/extream-ventures,"Singapore, Central Region, Singapore",,"Established in Singapore in 2009, Extream Ventures is an early-stage venture capital firm targeting market-driven technology companies.","Micro VC, Venture Capital","Early Stage Venture, Seed",,2
Global Investments,https://www.crunchbase.com/organization/global-investment,"Singapore, Central Region, Singapore",,Global Investments seeks opportunities in a wide range of asset classes in different sectors through investments.,Micro VC,,,2
GMCM Venture Capital Partners,https://www.crunchbase.com/organization/gmcm-venture-capital-partners,"Singapore, Central Region, Singapore",1,"GMCM Venture Capital Partners was established by GM Capital Management, an independent asset management company.",Venture Capital,,,2
Thakral Group,https://www.crunchbase.com/organization/thakral-group,"Singapore, Central Region, Singapore",,Thakral Group Singapore-based company.,Venture Capital,,,2
Springboard-Harper,https://www.crunchbase.com/organization/springboard-harper,"Singapore, Central Region, Singapore",1,"Being strategically located in Singapore, the firm is in an optimal position to bridge technology businesses from both sides looking to",Venture Capital,Late Stage Venture,,2
Sansar Capital,https://www.crunchbase.com/organization/sansar-capital,"Singapore, Central Region, Singapore",,Sansar Capital was founded in 2005,"Micro VC, Venture Capital",,,2
Spondulix,https://www.crunchbase.com/organization/spondulix,"Singapore, Central Region, Singapore",,Enabling the Future of Technology by Investing in Pathbreaking Entrepreneurs,Family Investment Office,"Early Stage Venture, Seed",,2
Vertex Asia Fund,https://www.crunchbase.com/organization/vertex-asia-fund,"Singapore, Central Region, Singapore",1,Vertex Asia Fund is a family of funds investing in early stage companies around the world.,Venture Capital,,Finance,2
GITPx,https://www.crunchbase.com/organization/gitpx,"Singapore, Central Region, Singapore",1,GITPx Investments is a corporate investor focusing on start-up and seed companies.,"Angel Group, Venture Capital","Early Stage Venture, Seed","Angel Investment, Finance, Financial Services",2
Agri Investments Pte. Ltd,https://www.crunchbase.com/organization/agri-investments-pte-ltd,"Singapore, Central Region, Singapore",,Agri Investments invests in agricultural technology and cultivation.,Venture Capital,,,2
Sirius Angel Fund,https://www.crunchbase.com/organization/sirius-angel-fund,"Singapore, Central Region, Singapore",,Sirius Angel Fund is a business angel fund that invests in early-stage companies.,Venture Capital,Early Stage Venture,,2
Soltec Investments,https://www.crunchbase.com/organization/soltec-investments,"Singapore, Central Region, Singapore",1,Soltec Investments is an investment business based in Singapore.,Venture Capital,,,2
Dragon Group,https://www.crunchbase.com/organization/dragon-group,"Singapore, Central Region, Singapore",,Dragon Group is an investment holding company that distributes semiconductors and electric components.,Venture Capital,,"Computer, Electronics, Manufacturing, Virtual Reality",1
Scry.info,https://www.crunchbase.com/organization/scry-info,"Singapore, Central Region, Singapore",,"Scry.info is the world's first blockchain-based quantitative data providing and exchanging platform for storage, verification.",Venture Capital,Early Stage Venture,"Blockchain, Data Storage, Financial Exchanges",1
Blue Ashva Capital,https://www.crunchbase.com/organization/blue-ashva-capital,"Singapore, Central Region, Singapore",,Blue Ashva Capital is an investment Fund that is backing sustainable and long-term profitable businesses.,Venture Capital,"Early Stage Venture, Seed",,1
BEAMSTART,https://www.crunchbase.com/organization/beam-connect,"Singapore, Central Region, Singapore",,"BEAMSTART is a Seed Accelerator and Digital Hub for Startup News, Business Networking, and Learning Resources.","Accelerator, Micro VC, Private Equity Firm, Syndicate, Venture Capital","Convertible Note, Early Stage Venture, Seed","Business Development, Information Technology, Internet, Messaging, Venture Capital",1
Keppel Capital,https://www.crunchbase.com/organization/keppel-capital,"Singapore, Central Region, Singapore",,Keppel Capital is a premier asset manager in Asia,Corporate Venture Capital,,Financial Services,1
Touchstone Ventures,https://www.crunchbase.com/organization/touchstone-ventures-2,"Singapore, Central Region, Singapore",,Touchstone Ventures is a boutique advisory firm.,Venture Capital,,,1
Venturi Partners,https://www.crunchbase.com/organization/venturi-partners,"Singapore, Central Region, Singapore",,Venturi Partners is a venture capital firm.,Venture Capital,Early Stage Venture,Venture Capital,1
Clime Capital,https://www.crunchbase.com/organization/clime-capital,"Singapore, Central Region, Singapore",,"Clime Capital Management identifies, incubates, and scales innovative clean-energy investment platforms.",Venture Capital,,,1
Far East Organization,https://www.crunchbase.com/organization/far-east-organization,"Singapore, Central Region, Singapore",,Far East Organization is the largest private property developer in Singapore. It was founded by Singaporean billionaire Ng Teng Fong in,"Corporate Venture Capital, Family Investment Office","Early Stage Venture, Late Stage Venture, Venture","Property Development, Real Estate",1
Origgin Ventures,https://www.crunchbase.com/organization/origgin-ventures,"Singapore, Central Region, Singapore",,Origgin’s Venture Co-Creation (VCC™) process enables the growth of exciting businesses that are ready to embark on the journey of success.,"Incubator, Syndicate, University Program, Venture Capital","Early Stage Venture, Seed",,1
Ruby Capital,https://www.crunchbase.com/organization/ruby-capital,"Singapore, Central Region, Singapore",,Ruby Capital investing in and work closely with innovative high-tech startups.,Venture Capital,"Early Stage Venture, Seed",,1
Lonsdale Capital,https://www.crunchbase.com/organization/lonsdale-capital,"Singapore, Central Region, Singapore",,Lonsdale Capital is a family investment office that funds social enterprises to bring them to the next level.,Family Investment Office,,"Finance, Financial Services, Impact Investing",1
AAIC Holdings,https://www.crunchbase.com/organization/aaic-holdings,"Singapore, Central Region, Singapore",,"AAIC Holdings is engages in nurturing investments in emerging countries, consulting and M&A, management outsourcing and human capital.",Venture Capital,Early Stage Venture,,1
Altergate.vc,https://www.crunchbase.com/organization/altergate-vc,"Singapore, Central Region, Singapore",,Altergate.vc investing in technology startups at an early stage.,Venture Capital,"Early Stage Venture, Seed",,1
RF International Holdings (瑞丰国际控股),https://www.crunchbase.com/organization/rf-international-holdings,"Singapore, Central Region, Singapore",,Integrated Digital Financial Group,"Corporate Venture Capital, Fund Of Funds, Private Equity Firm, Syndicate, Venture Capital","Early Stage Venture, Late Stage Venture, Private Equity","Consulting, Finance, Financial Services, Information Technology",1
Olive Ventures,https://www.crunchbase.com/organization/olive-ventures,"Singapore, Central Region, Singapore",1,Olive Ventures is a company that specializes in business development services.,Venture Capital,Early Stage Venture,,1
Inflection Ventures,https://www.crunchbase.com/organization/inflection-ventures,"Singapore, Central Region, Singapore",,Inflection Ventures is a financial firm that invests in startup and small businesses.,"Angel Group, Venture Capital",,,1
Investigate,https://www.crunchbase.com/organization/investigate,"Singapore, Central Region, Singapore",,Investigate is a VC investing in startups with the Network Orchestrator business model.,Micro VC,Seed,,1
1823 Ventures,https://www.crunchbase.com/organization/1823-ventures-3,"Singapore, Central Region, Singapore",,"Venture Capital | Startup Mentorship | SEA, China, HK",Venture Capital,"Crowdfunding, Debt, Early Stage Venture, Seed",,1
Inheritance Enterprises,https://www.crunchbase.com/organization/inheritance-enterprises,"Singapore, Central Region, Singapore",,Inheritance Enterprises is a family office and an investment holding company.,Family Investment Office,,,1
Triple P Capital,https://www.crunchbase.com/organization/triple-p-capital,"Singapore, Central Region, Singapore",,Triple P Capital is an expert investor in Southeast Asian non-bank financial services and on on high-growth businesses.,Venture Capital,Private Equity,Financial Services,1
TNB Ventures,https://www.crunchbase.com/organization/tnb-ventures,"Singapore, Central Region, Singapore",,TNB Ventures operates as a venture capital firm and accelerator.,"Accelerator, Venture Capital",,Venture Capital,1
Block by Block Capital,https://www.crunchbase.com/organization/block-by-block-capital,"Singapore, Central Region, Singapore",,Asset Management & VC Accelerator,"Accelerator, Hedge Fund, Incubator, Venture Capital","Early Stage Venture, Initial Coin Offering, Seed","Asset Management, Blockchain, Hedge Funds, Management Consulting, Venture Capital",1
Pandan Ventures,https://www.crunchbase.com/organization/pandan-ventures,"Singapore, Central Region, Singapore",,Pandan Ventures is ​a venture capital fund based in Southeast Asia,Venture Capital,Early Stage Venture,,1
SEAVI Advent,https://www.crunchbase.com/organization/seavi-advent,"Singapore, Central Region, Singapore",,SEAVI (“South East Asia Venture Investment”) Advent was the first venture capital firm established in the South East Asia region in 1984.,Venture Capital,Early Stage Venture,,1
Farquhar VC,https://www.crunchbase.com/organization/farquhar-vc,"Singapore, Central Region, Singapore",,Farquhar VC operates as an early stage venture capital firm.,Venture Capital,Early Stage Venture,,1
Arohi Asset Management,https://www.crunchbase.com/organization/arohi-asset-management,"Singapore, Central Region, Singapore",,Arohi Asset Management is a boutique fund manager with capital market services licence to conduct fund management activities.,"Micro VC, Venture Capital",,,1
Asia Cleantech Capital Ltd,https://www.crunchbase.com/organization/asia-cleantech-capital-ltd,"Singapore, Central Region, Singapore",1,Asia Cleantech Capital is an investment management firm that focuses on clean technology projects in the Asia Pacific region.,"Micro VC, Venture Capital",Seed,"Finance, Financial Services, Venture Capital",1
Ascent Capital Partners,https://www.crunchbase.com/organization/ascent-capital-partners,"Singapore, Central Region, Singapore",,Ascent Capital Partners is a focused investment firm,Venture Capital,Early Stage Venture,,1
Element 8 Group,https://www.crunchbase.com/organization/element-8-group,"Singapore, Central Region, Singapore",,Element 8 provides an enterprise ecosystem to derive growth within its venture firms while advancing its research activities.,"Angel Group, Family Investment Office, Syndicate, Venture Capital","Early Stage Venture, Venture",,1
Makana Ventures,https://www.crunchbase.com/organization/makana-ventures,"Singapore, Central Region, Singapore",,Makana Ventures is a Singapore based collective and hybrid venture group.,Venture Capital,Early Stage Venture,,1
Caber Partners,https://www.crunchbase.com/organization/caber-financial,"Singapore, Central Region, Singapore",,"Caber Partners is a Singapore-based investment firm, focused exclusively on the intersection of finance and technology.",Venture Capital,Venture,"Advice, Asset Management, FinTech, Venture Capital",1
Eight Mercatus,https://www.crunchbase.com/organization/eight-mercatus,"Singapore, Central Region, Singapore",,Eight Mercatus is an innovative startup.,Venture Capital,Early Stage Venture,,1
Cerana Capital,https://www.crunchbase.com/organization/cerana-capital,"Singapore, Central Region, Singapore",,Seed & Series A investments into Tech and F&B in Southeast Asia,"Private Equity Firm, Venture Capital","Convertible Note, Early Stage Venture, Private Equity, Seed","AgTech, E-Commerce, Food and Beverage, Information Technology, Software",1
Lynx Asia Partners,https://www.crunchbase.com/organization/lynx-asia-partners,"Singapore, Central Region, Singapore",,Lynx Asia Partners is an advisory firm that focuses on private capital markets and special situations.,Venture Capital,,,1
TechnoGen,https://www.crunchbase.com/organization/technogen,"Singapore, Central Region, Singapore",,TechnoGen is an integrated portfolio of end-to-end creation of technology and subsequent services.,Micro VC,,"Financial Services, Information Services, Information Technology",1
ZIG Ventures,https://www.crunchbase.com/organization/zig-ventures,"Singapore, Central Region, Singapore",,ZIG Ventures is a venture investment and commercialization company.,Venture Capital,Early Stage Venture,,1
JL Capital,https://www.crunchbase.com/organization/jl-capital,"Singapore, Central Region, Singapore",,JL Capital is an investment company that manages mutual funds.,Venture Capital,Early Stage Venture,,1
THYNK GROUP,https://www.crunchbase.com/organization/thynk-group,"Singapore, Central Region, Singapore",,THYNK GROUP invests in new innovation sources and methods that includes new business practices and partnerships.,Venture Capital,,"Angel Investment, Business Development, Consulting, GreenTech, Impact Investing",1
Citicorp Investment Bank,https://www.crunchbase.com/organization/citicorp-investment-bank,"Singapore, Central Region, Singapore",1,Citicorp Investment Bank owns securities of banks for exercising degree of control over the activities of bank companies.,Venture Capital,,,1
Asia Internet Holdings,https://www.crunchbase.com/organization/asia-internet-holdings,"Singapore, Central Region, Singapore",,Asia Internet Holdings is a private investment firm focused on seed investments.,Venture Capital,Seed,,1
NTU Ventures,https://www.crunchbase.com/organization/ntu-ventures,"Singapore, Central Region, Singapore",,"NTU Ventures, the commercial arm of NTU, supports start-ups in various industries while focusing on the technologies from NTU's research.","Corporate Venture Capital, Venture Capital",Seed,,1
Glocalink Singapore,https://www.crunchbase.com/organization/glocalink-singapore,"Singapore, Central Region, Singapore",,Glocalink Singapore invests in early-stage agrifood startups.,Venture Capital,Early Stage Venture,,1
Mars Growth Capital,https://www.crunchbase.com/organization/mars-growth-capital,"Singapore, Central Region, Singapore",,Mars Growth Capital provide growth capital to fuel your journey.,Venture Capital,"Debt, Venture",,1
Bitrise Capital,https://www.crunchbase.com/organization/bitrise-capital,"Singapore, Central Region, Singapore",,Bitrise Capital is a venture capital in blockchain investment.,Venture Capital,,,1
Finn Evdemon Capital Partners,https://www.crunchbase.com/organization/finn-evdemon-capital-partners,"Singapore, Central Region, Singapore",,"Finn Evdemon Capital Partners is an Asian angel investments firm that fosters entrepreneurship and provides funding, expertise.","Micro VC, Venture Capital",,"Angel Investment, Finance, Venture Capital",1
Primrose Hills Ventures,https://www.crunchbase.com/organization/primrose-hills-ventures,"Singapore, Central Region, Singapore",,Primrose Hills Ventures operates as a venture capital firm.,Venture Capital,Early Stage Venture,,1
Rippledot Capital Advisers,https://www.crunchbase.com/organization/rippledot-capital-advisers,"Singapore, Central Region, Singapore",1,"Rippledot Capital is an independent strategic and financial adviser to corporates, entrepreneurs, and investors.",Venture Capital,,,1
Biopath Ventures,https://www.crunchbase.com/organization/biopath-ventures,"Singapore, Central Region, Singapore",,Biopath Ventures is an investment Firm.,Venture Capital,,Biotechnology,1
Triplestar Capital,https://www.crunchbase.com/organization/triplestar-capital,"Singapore, Central Region, Singapore",,Triplestar Capital is an investment company established by the 3rd generation of the family behind the Tat Hong Group of businesses.,Venture Capital,,,1
Pierce & Pierce Group,https://www.crunchbase.com/organization/pierce-pierce-group,"Singapore, Central Region, Singapore",1,Pierce & Pierce is a privately held investment group.,"Micro VC, Venture Capital",,,1
SeaTown International,https://www.crunchbase.com/organization/seatown-international,"Singapore, Central Region, Singapore",1,SeaTown International is a financial institution which made investments in public and private sectors.,Venture Capital,,,1
Forum Capital,https://www.crunchbase.com/organization/forum-capital,"Singapore, Central Region, Singapore",,Forum Capital is an investment and strategic advisory firm specialized in venture building and supporting growth companies.,Venture Capital,,,1
AsiaCommerce,https://www.crunchbase.com/organization/asia-commerce,"Singapore, Central Region, Singapore",,AsiaCommerce provides venture capital funding for e-commerce business-to-business sector.,Venture Capital,,,1
Uluwatu Capital,https://www.crunchbase.com/organization/uluwatu-capital,"Singapore, Central Region, Singapore",,"Uluwatu Capital is a unique Impact focused venture capital firm, using investments as a force for good.",Venture Capital,Early Stage Venture,,1
Tenshi Peak Ventures,https://www.crunchbase.com/organization/tenshi-peak-ventures,"Singapore, Central Region, Singapore",,Tenshi Peak Ventures is a company that offers investing and consulting services.,"Micro VC, Venture Capital",Seed,,1
Oclaner Asset Management,https://www.crunchbase.com/organization/oclaner-asset-management,"Singapore, Central Region, Singapore",,Oclaner Asset Management is an independent asset management firm and Capital Markets Services license holder.,Family Investment Office,,"Asset Management, Financial Services",1
Ready Ventures,https://www.crunchbase.com/organization/ready-ventures,"Singapore, Central Region, Singapore",,"ReadyVentures is a boutique, early stage investment company.",Micro VC,,,1
SpinUp Venture,https://www.crunchbase.com/organization/spinup-vc,"Singapore, Central Region, Singapore",,SpinUp Venture a venture capital firm investing in early-stage technology companies with strong teams and clear global potential.,Venture Capital,,"Finance, FinTech",1
STRATEGEM PTE LTD,https://www.crunchbase.com/organization/strategem-pte-ltd,"Singapore, Central Region, Singapore",,STRATEGEM PTE LTD is a search consultancy specialised in financial markets in the Asia region.,Venture Capital,,,1
Half the World Holdings,https://www.crunchbase.com/organization/half-the-world-holdings,"Singapore, Central Region, Singapore",,Half the World Holdings is a venture capital investment vertical and literary award which highlights the lives of women.,Venture Capital,Venture,,1
Gabelhorn Investment,https://www.crunchbase.com/organization/gabelhorn-investment,"Singapore, Central Region, Singapore",,Gabelhorn Investment is an investment firm.,Venture Capital,Late Stage Venture,,1
Sysma Holdings,https://www.crunchbase.com/organization/sysma-holdings,"Singapore, Central Region, Singapore",,Sysma Holdings is principally engaged in providing building construction services to the private sector in Singapore.,Corporate Venture Capital,,"Civil Engineering, Construction",1
Investigate Network Capital,https://www.crunchbase.com/organization/investigate-network-capital,"Singapore, Central Region, Singapore",,Investigate is a Singapore-based VC investing in startups with the Network Orchestrator business model – companies.,Venture Capital,"Early Stage Venture, Seed",,1
JP Asia Prime Capital,https://www.crunchbase.com/organization/asia-prime-capital,"Singapore, Central Region, Singapore",,JP Asia Prime Capital Pte Ltd,Venture Capital,,,1
TIBCORP,https://www.crunchbase.com/organization/tibcorp-03d6,"Singapore, Central Region, Singapore",,Private Investment Firm based in Singapore,Family Investment Office,Early Stage Venture,,1
Puffer Ventures,https://www.crunchbase.com/organization/puffer-ventures,"Singapore, Central Region, Singapore",,Puffer Ventures,Venture Capital,,,1
WPGrowth Ventures,https://www.crunchbase.com/organization/wpgrowth-ventures,"Singapore, Central Region, Singapore",,WPGrowth Ventures is a Exempt Private Company.,Venture Capital,,Venture Capital,1
Green Marine Capital,https://www.crunchbase.com/organization/green-marine-capital,"Singapore, Central Region, Singapore",1,Green Marine Capital is a sector specific growth capital investor.,Venture Capital,,Financial Services,1
Northbrooks Investments,https://www.crunchbase.com/organization/northbrooks-investments,"Singapore, Central Region, Singapore",,Northbrooks Investments is an investment firm based in Singapore.,Venture Capital,Late Stage Venture,Finance,1
Bukit Timah Capital,https://www.crunchbase.com/organization/bukit-timah-capital,"Singapore, Central Region, Singapore",,Singapore Based Investment Collective,Venture Capital,,,1
Global Asia Partners,https://www.crunchbase.com/organization/global-asia-partners,"Singapore, Central Region, Singapore",,Global Asia Partner is providing services that add or create competitive market value to their clients’ businesses.,Venture Capital,Early Stage Venture,,1
mDR Group,https://www.crunchbase.com/organization/mdr-group,"Singapore, Central Region, Singapore",,mDR Group is one of the largest distributors and retailers of telecommunication products.,Venture Debt,,,1
Electric Sheep Capital,https://www.crunchbase.com/organization/electric-sheep-capital,"Singapore, Central Region, Singapore",,Electric Sheep Capital is a venture capital firm based in Singapore.,Venture Capital,Early Stage Venture,,1
SP Capital,https://www.crunchbase.com/organization/sp-capital,"Singapore, Central Region, Singapore",,SP Capital is a venture arm of Singapore Power.,Venture Capital,,,1
United Offshore Bank Venture Technology Investments,https://www.crunchbase.com/organization/united-offshore-bank-venture-technology-investments,"Singapore, Central Region, Singapore",1,United Offshore Bank Venture Technology Investments,Venture Capital,,,1
